<?xml version="1.0" encoding="UTF-8"?>
<!--
Licensed to the Apache Software Foundation (ASF) under one
or more contributor license agreements.  See the NOTICE file
distributed with this work for additional information
regarding copyright ownership.  The ASF licenses this file
to you under the Apache License, Version 2.0 (the
"License"); you may not use this file except in compliance
with the License.  You may obtain a copy of the License at

http://www.apache.org/licenses/LICENSE-2.0

Unless required by applicable law or agreed to in writing,
software distributed under the License is distributed on an
"AS IS" BASIS, WITHOUT WARRANTIES OR CONDITIONS OF ANY
KIND, either express or implied.  See the License for the
specific language governing permissions and limitations
under the License.
-->

<!DOCTYPE suppressions PUBLIC
    "-//Puppy Crawl//DTD Suppressions 1.0//EN"
    "http://www.puppycrawl.com/dtds/suppressions_1_0.dtd">

<!-- NOTE: All path separators must be specified as [/\\] in order to maintain
     build compatibility with both UNIX and Windows. -->

<suppressions>

    <!-- Suppress all style checks for generated code -->
    <suppress checks=".*"
              files="generated-sources|com[/\\]cloudera[/\\]flume[/\\]handlers[/\\]thrift|org[/\\]apache[/\\]flume[/\\]thrift[/\\]|org[/\\]apache[/\\]flume[/\\]source[/\\]scribe|ProtosFactory.java|avro"/>

    <!-- The "legacy" sources have a weird camelCaps package name -->
    <suppress checks="PackageName"
              files="org[/\\]apache[/\\]flume[/\\]source[/\\]avroLegacy|org[/\\]apache[/\\]flume[/\\]source[/\\]thriftLegacy"/>

    <!-- Allow unicode escapes in tests -->
    <suppress checks="AvoidEscapedUnicodeCharacters"
              files="Test.*\.java"/>

    <!-- TODO: Rearrange methods in below classes to keep overloaded methods adjacent -->
    <suppress checks="OverloadMethodsDeclarationOrder"
              files="channel[/\\]file|RpcClientFactory\.java|BucketPath\.java|SinkGroup\.java|DefaultSinkProcessor\.java|RegexExtractorInterceptorMillisSerializer\.java|SimpleAsyncHbaseEventSerializer\.java|hdfs[/\\]BucketWriter\.java|AbstractBasicChannelSemanticsTest\.java"/>

    <!-- TODO: Fix inner class names to follow standard convention -->
    <suppress checks="TypeName"
              files="SyslogUDPSource\.java|SyslogTcpSource\.java|TaildirSource\.java"/>

    <!-- TODO: Method names must follow standard Java naming conventions -->
    <suppress checks="MethodNameCheck"
              files="TestBucketWriter\.java|TestSyslogUtils\.java"/>

    <!-- TODO: Add default cases to switch statements -->
    <suppress checks="MissingSwitchDefault"
              files="SyslogUtils\.java|ReliableTaildirEventReader\.java|AbstractBasicChannelSemanticsTest\.java"/>

    <!-- TODO: Avoid empty catch blocks -->
    <suppress checks="EmptyCatchBlock"
              files="channel[/\\]file[/\\]LogFile\.java|TestDatasetSink\.java|CountingSourceRunner\.java|CountingSinkRunner\.java|TestKafkaChannel\.java|TestTaildirSource\.java|TestChannelProcessor\.java|TestHiveSink\.java|AbstractBasicChannelSemanticsTest\.java|TestJMSSource\.java|TestEmbeddedAgent\.java|TestAsyncHBaseSink\.java"/>

    <!-- TODO: Avoid empty if blocks -->
    <suppress checks="EmptyBlockCheck"
              files="ElasticSearchClientFactory\.java"/>

    <!-- TODO: Fix line length issues -->
    <suppress checks="LineLengthCheck"
              files="channel[/\\]MemoryChannel\.java|ReliableSpoolingFileEventReader\.java|TestAvroSink\.java"/>

    <!-- TODO: Move helper classes to their own files -->
    <suppress checks="OneTopLevelClass"
              files="KafkaSource\.java|KafkaChannel\.java|KafkaSink\.java|TestElasticSearchSink\.java"/>

</suppressions>
