<?xml version="1.0"?>
<!--
  Licensed to the Apache Software Foundation (ASF) under one or more
  contributor license agreements.  See the NOTICE file distributed with
  this work for additional information regarding copyright ownership.
  The ASF licenses this file to You under the Apache License, Version 2.0
  (the "License"); you may not use this file except in compliance with
  the License.  You may obtain a copy of the License at

      https://www.apache.org/licenses/LICENSE-2.0

  Unless required by applicable law or agreed to in writing, software
  distributed under the License is distributed on an "AS IS" BASIS,
  WITHOUT WARRANTIES OR CONDITIONS OF ANY KIND, either express or implied.
  See the License for the specific language governing permissions and
  limitations under the License.
-->

<project name="mail-test" basedir="." default="test1">

  <target name="test1">
    <!-- this test is supposed to bring a build exception because user and password is not allowed with plain encoding -->
    <mail mailhost="localhost" mailport="25" from="joe@abc.com" tolist="laura@xyz.com" subject="hello" encoding="plain" user="joe" password="secret">
        <message>
            Hi Laura, how are you doing ?
        </message>
    </mail>
  </target>
  <target name="test2">
      <!-- this test is supposed to bring a build exception because SSL is not allowed with plain encoding -->
      <mail mailhost="localhost" mailport="465" from="joe@abc.com" tolist="laura@xyz.com" subject="hello" encoding="plain" ssl="true">
          <message>
              Hi Laura, how are you doing ?
          </message>
      </mail>
    </target>


    <target name="test3">
        <mail mailhost="localhost" mailport="${EmailTaskTest.test3.port}" from="test3" subject="just a test">
            <to address="whoami" />
        </mail>
    </target>
</project>
